subject_id,new_key,lakename,county,url_front,url_back,
59964041,NA,ANGELA,OAKLAND,https://changes-ifr.s3.us-east-2.amazonaws.com/ss2/GROW/a_first/OAKLAND_ANGELA_GROW_0001_1.jpeg,https://changes-ifr.s3.us-east-2.amazonaws.com/ss2/GROW/a_first/OAKLAND_ANGELA_GROW_0001_2.jpeg,can't match; multiple TRS matches
59962240,1-4,BAMFIELDDAM,ALCONA,https://changes-ifr.s3.us-east-2.amazonaws.com/ss2/GROW/a_first/ALCONA_BAMFIELDDAM_GROW_0001_1.jpeg,https://changes-ifr.s3.us-east-2.amazonaws.com/ss2/GROW/a_first/ALCONA_BAMFIELDDAM_GROW_0001_2.jpeg,same as alcona dam pond
59963356,NA,BARNHARDT,MARQUETTE,https://changes-ifr.s3.us-east-2.amazonaws.com/ss2/GROW/a_first/Marquette_Barnhardt_GROW_001.jpg,https://changes-ifr.s3.us-east-2.amazonaws.com/ss2/GROW/a_first/Marquette_Barnhardt_GROW_002.jpg,no TRS match 
58746332,75-529,BEAR,SCHOOLCRAFT,https://changes-ifr.s3.us-east-2.amazonaws.com/ss1/GROW/double/b_first/Schoolcraft_Bear_GROW_006.jpeg,https://changes-ifr.s3.us-east-2.amazonaws.com/ss1/GROW/double/b_first/Schoolcraft_Bear_GROW_005.jpeg,some cards have nineteen next to bear so name lines up with humphries and TRS line up
58746334,75-529,BEAR,SCHOOLCRAFT,https://changes-ifr.s3.us-east-2.amazonaws.com/ss1/GROW/double/b_first/Schoolcraft_Bear_GROW_004.jpeg,https://changes-ifr.s3.us-east-2.amazonaws.com/ss1/GROW/double/b_first/Schoolcraft_Bear_GROW_003.jpeg,some cards have nineteen next to bear so name lines up with humphries and TRS line up
59962987,NA,BLUEBERRYPOND,LIVINGSTON,https://changes-ifr.s3.us-east-2.amazonaws.com/ss2/GROW/a_first/Livingston_BlueberryPond_GROW_007.jpg,https://changes-ifr.s3.us-east-2.amazonaws.com/ss2/GROW/a_first/Livingston_BlueberryPond_GROW_008.jpg,cant match; too many noname lakes with TRS
59962988,NA,BLUEBERRYPOND,LIVINGSTON,https://changes-ifr.s3.us-east-2.amazonaws.com/ss2/GROW/a_first/Livingston_BlueberryPond_GROW_011.jpg,https://changes-ifr.s3.us-east-2.amazonaws.com/ss2/GROW/a_first/Livingston_BlueberryPond_GROW_012.jpg,cant match; too many noname lakes with TRS
58746316,75-495,BLUSH,SCHOOLCRAFT,https://changes-ifr.s3.us-east-2.amazonaws.com/ss1/GROW/double/b_first/Schoolcraft_Blush_GROW_024.jpeg,https://changes-ifr.s3.us-east-2.amazonaws.com/ss1/GROW/double/b_first/Schoolcraft_Blush_GROW_023.jpeg,also called Farm Lake
58746317,75-495,BLUSH,SCHOOLCRAFT,https://changes-ifr.s3.us-east-2.amazonaws.com/ss1/GROW/double/b_first/Schoolcraft_Blush_GROW_002.jpeg,https://changes-ifr.s3.us-east-2.amazonaws.com/ss1/GROW/double/b_first/Schoolcraft_Blush_GROW_001.jpeg,also called Farm Lake
59964063,NA,BUHL,OAKLAND,https://changes-ifr.s3.us-east-2.amazonaws.com/ss2/GROW/a_first/OAKLAND_BUHL_GROW_0001_1.jpeg,https://changes-ifr.s3.us-east-2.amazonaws.com/ss2/GROW/a_first/OAKLAND_BUHL_GROW_0001_2.jpeg,can't match; multiple TRS matches
59963284,17-209,CARP,MACKINAC,https://changes-ifr.s3.us-east-2.amazonaws.com/ss2/GROW/a_first/Mackinac_Carp_GROW_004.jpg,https://changes-ifr.s3.us-east-2.amazonaws.com/ss2/GROW/a_first/Mackinac_Carp_GROW_005.jpg,actually in Chippewa county 
58754709,NA,CASPIANPOND,IRON,https://changes-ifr.s3.us-east-2.amazonaws.com/ss1/GROW/double/a_first/part2/Iron_Caspianpond_GROW_006.jpg,https://changes-ifr.s3.us-east-2.amazonaws.com/ss1/GROW/double/a_first/part2/Iron_Caspianpond_GROW_007.jpg,can't match; multiple TRS matches
59964083,63-453,CHALMERS,OAKLAND,https://changes-ifr.s3.us-east-2.amazonaws.com/ss2/GROW/a_first/OAKLAND_CHALMERS_GROW_0001_1.jpeg,https://changes-ifr.s3.us-east-2.amazonaws.com/ss2/GROW/a_first/OAKLAND_CHALMERS_GROW_0001_2.jpeg,was once called Crawford
59962742,12-34,CLAYTON,BRANCH,https://changes-ifr.s3.us-east-2.amazonaws.com/ss2/GROW/a_first/BRANCH_CLAYTON_GROW_0001_1.jpeg,https://changes-ifr.s3.us-east-2.amazonaws.com/ss2/GROW/a_first/BRANCH_CLAYTON_GROW_0001_2.jpeg,also called Oliverda
58754723,NA,COOKSRUNPOND,IRON,https://changes-ifr.s3.us-east-2.amazonaws.com/ss1/GROW/double/a_first/part2/Iron_CooksRunPond_GROW_003.jpg,https://changes-ifr.s3.us-east-2.amazonaws.com/ss1/GROW/double/a_first/part2/Iron_CooksRunPond_GROW_004.jpg,no matching TRS
58754730,NA,COOKSRUNPOND,IRON,https://changes-ifr.s3.us-east-2.amazonaws.com/ss1/GROW/double/a_first/part2/Iron_CooksRunPond_GROW_005.jpg,https://changes-ifr.s3.us-east-2.amazonaws.com/ss1/GROW/double/a_first/part2/Iron_CooksRunPond_GROW_006.jpg,no matching TRS
82937332,47-285,CROOKEDEASTWEST,LIVINGSTON,https://changes-ifr.s3.us-east-2.amazonaws.com/ss6/GROW/cards/double/Livingston_CrookedEastWest_GROW_016.jpg,https://changes-ifr.s3.us-east-2.amazonaws.com/ss6/GROW/cards/double/Livingston_CrookedEastWest_GROW_017.jpg,
82937333,47-285,CROOKEDEASTWEST,LIVINGSTON,https://changes-ifr.s3.us-east-2.amazonaws.com/ss6/GROW/cards/double/Livingston_CrookedEastWest_GROW_033.jpg,https://changes-ifr.s3.us-east-2.amazonaws.com/ss6/GROW/cards/double/Livingston_CrookedEastWest_GROW_034.jpg,
58754727,NA,CRYSTALFALLSPOND,IRON,https://changes-ifr.s3.us-east-2.amazonaws.com/ss1/GROW/double/a_first/part2/Iron_CrystalFallsPond_GROW_006.jpg,https://changes-ifr.s3.us-east-2.amazonaws.com/ss1/GROW/double/a_first/part2/Iron_CrystalFallsPond_GROW_007.jpg,can't match; multiple TRS matches
58754728,NA,CRYSTALFALLSPOND,IRON,https://changes-ifr.s3.us-east-2.amazonaws.com/ss1/GROW/double/a_first/part2/Iron_CrystalFallsPond_GROW_011.jpg,https://changes-ifr.s3.us-east-2.amazonaws.com/ss1/GROW/double/a_first/part2/Iron_CrystalFallsPond_GROW_012.jpg,can't match; multiple TRS matches
58754634,23-165,DELTA,INGHAM,https://changes-ifr.s3.us-east-2.amazonaws.com/ss1/GROW/double/a_first/part1/Ingham_Delta_GROW_001.jpg,https://changes-ifr.s3.us-east-2.amazonaws.com/ss1/GROW/double/a_first/part1/Ingham_Delta_GROW_002.jpg,also Eaton county
58754258,19-124,ELSIE,CLINTON,https://changes-ifr.s3.us-east-2.amazonaws.com/ss1/GROW/double/a_first/part1/Clinton_Elsie_GROW_001.jpg,https://changes-ifr.s3.us-east-2.amazonaws.com/ss1/GROW/double/a_first/part1/Clinton_Elsie_GROW_002.jpg,MDNRID L48988
59963618,57-5,FALMOUTH,MISSAUKEE,https://changes-ifr.s3.us-east-2.amazonaws.com/ss2/GROW/a_first/Missaukee_Falmouth_GROW_007.jpg,https://changes-ifr.s3.us-east-2.amazonaws.com/ss2/GROW/a_first/Missaukee_Falmouth_GROW_008.jpg,
59963658,4-4,FLETCHERFLOODWATER,MONTMORENCY,https://changes-ifr.s3.us-east-2.amazonaws.com/ss2/GROW/a_first/MONTMORENCY_FLETCHERFLOODWATR_GROW_0001_1.jpeg,https://changes-ifr.s3.us-east-2.amazonaws.com/ss2/GROW/a_first/MONTMORENCY_FLETCHERFLOODWATR_GROW_0001_2.jpeg,also in alpena county
58754279,20-51,FLOYD,CRAWFORD,https://changes-ifr.s3.us-east-2.amazonaws.com/ss1/GROW/double/a_first/part1/Crawford_Floyd_GROW_007.jpg,https://changes-ifr.s3.us-east-2.amazonaws.com/ss1/GROW/double/a_first/part1/Crawford_Floyd_GROW_008.jpg,name in Humpries is South Frog lake; match by TRS and only lake in the section
59962257,35-205,FOOTE,ALCONA,https://changes-ifr.s3.us-east-2.amazonaws.com/ss2/GROW/a_first/ALCONA_FOOTE_GROW_0001_1.jpeg,https://changes-ifr.s3.us-east-2.amazonaws.com/ss2/GROW/a_first/ALCONA_FOOTE_GROW_0001_2.jpeg,also in Iosco
59688110,52-1241,FORESTVILLEBASIN,MARQUETTE,https://changes-ifr.s3.us-east-2.amazonaws.com/ss2/GROW/single/Marquette_ForestvilleBasin_GROW_003.jpg,NA,also known as Dead Lake; Forestville trail is right by it and forestville dam ;         L37346
59688112,52-1241,FORESTVILLEBASIN,MARQUETTE,https://changes-ifr.s3.us-east-2.amazonaws.com/ss2/GROW/single/Marquette_ForestvilleBasin_GROW_006.jpg,NA,also known as Dead Lake; Forestville trail is right by it and forestville dam ;         L37346
59963364,52-1241,FORESTVILLEBASIN,MARQUETTE,https://changes-ifr.s3.us-east-2.amazonaws.com/ss2/GROW/a_first/Marquette_ForestvilleBasin_GROW_010.jpg,https://changes-ifr.s3.us-east-2.amazonaws.com/ss2/GROW/a_first/Marquette_ForestvilleBasin_GROW_011.jpg,also known as Dead Lake; Forestville trail is right by it and forestville dam ;         L37346
59962818,NA,GANGOFLAKES,CALHOUN,https://changes-ifr.s3.us-east-2.amazonaws.com/ss2/GROW/a_first/CALHOUN_GANGOFLAKES_GROW_0003_1.jpeg,https://changes-ifr.s3.us-east-2.amazonaws.com/ss2/GROW/a_first/CALHOUN_GANGOFLAKES_GROW_0003_2.jpeg,data was pooled over silver and bolt  lakes 
59962819,NA,GANGOFLAKES,CALHOUN,https://changes-ifr.s3.us-east-2.amazonaws.com/ss2/GROW/a_first/CALHOUN_GANGOFLAKES_GROW_0004_1.jpeg,https://changes-ifr.s3.us-east-2.amazonaws.com/ss2/GROW/a_first/CALHOUN_GANGOFLAKES_GROW_0004_2.jpeg,data was pooled over silver;bolt;gordon;clark;and bell lake so no ID given
59962820,13-19,GORDON,CALHOUN,https://changes-ifr.s3.us-east-2.amazonaws.com/ss2/GROW/a_first/CALHOUN_GANGOFLAKES_GROW_0002_1.jpeg,https://changes-ifr.s3.us-east-2.amazonaws.com/ss2/GROW/a_first/CALHOUN_GANGOFLAKES_GROW_0002_2.jpeg,Just Gordon lake MDNR ID L68; called WISE lake in Humphries
59962821,NA,GANGOFLAKES,CALHOUN,https://changes-ifr.s3.us-east-2.amazonaws.com/ss2/GROW/a_first/CALHOUN_GANGOFLAKES_GROW_0005_1.jpeg,https://changes-ifr.s3.us-east-2.amazonaws.com/ss2/GROW/a_first/CALHOUN_GANGOFLAKES_GROW_0005_2.jpeg,data was pooled over silver;bolt;gordon;clark;and bell lake so no ID given
59962633,NA,GLASPIE,BARRY,https://changes-ifr.s3.us-east-2.amazonaws.com/ss2/GROW/a_first/BARRY_GLASPIE_GROW_0001_1.jpeg,https://changes-ifr.s3.us-east-2.amazonaws.com/ss2/GROW/a_first/BARRY_GLASPIE_GROW_0001_2.jpeg,can't match; multiple TRS matches
59962964,NA,GLOBEMILLPOND,LENAWEE,https://changes-ifr.s3.us-east-2.amazonaws.com/ss2/GROW/a_first/Lenawee_GlobeMillPond_GROW_004.jpg,https://changes-ifr.s3.us-east-2.amazonaws.com/ss2/GROW/a_first/Lenawee_GlobeMillPond_GROW_005.jpg,nothing matches TRS
59962996,47-277,GRANDBEACH,LIVINGSTON,https://changes-ifr.s3.us-east-2.amazonaws.com/ss2/GROW/a_first/Livingston_GrandBeach_GROW_002.jpg,https://changes-ifr.s3.us-east-2.amazonaws.com/ss2/GROW/a_first/Livingston_GrandBeach_GROW_003.jpg,also known as Pete
58754289,20-60,HARTWICK LAKE,CRAWFORD,https://changes-ifr.s3.us-east-2.amazonaws.com/ss1/GROW/double/a_first/part1/Crawford_Hartwick Lake_GROW_011.jpg,https://changes-ifr.s3.us-east-2.amazonaws.com/ss1/GROW/double/a_first/part1/Crawford_Hartwick Lake_GROW_012.jpg,MDNRID L12951
58755081,41-169,HERITAGEPARKPOND,KENT,https://changes-ifr.s3.us-east-2.amazonaws.com/ss1/GROW/double/a_first/part2/Kent_HeritageParkPond_GROW_001.jpg,https://changes-ifr.s3.us-east-2.amazonaws.com/ss1/GROW/double/a_first/part2/Kent_HeritageParkPond_GROW_002.jpg,match by TRS
58642723,NA,HERRICK,ISABELLA,https://changes-ifr.s3.us-east-2.amazonaws.com/ss1/GROW/single/Isabella_Herrick_GROW_003.jpg,NA,can't match; multiple TRS matches
58754878,NA,HERRICK,ISABELLA,https://changes-ifr.s3.us-east-2.amazonaws.com/ss1/GROW/double/a_first/part2/Isabella_Herrick_GROW_006.jpg,https://changes-ifr.s3.us-east-2.amazonaws.com/ss1/GROW/double/a_first/part2/Isabella_Herrick_GROW_007.jpg,can't match; multiple TRS matches
58754879,NA,HERRICK,ISABELLA,https://changes-ifr.s3.us-east-2.amazonaws.com/ss1/GROW/double/a_first/part2/Isabella_Herrick_GROW_004.jpg,https://changes-ifr.s3.us-east-2.amazonaws.com/ss1/GROW/double/a_first/part2/Isabella_Herrick_GROW_005.jpg,can't match; multiple TRS matches
58754880,NA,HERRICK,ISABELLA,https://changes-ifr.s3.us-east-2.amazonaws.com/ss1/GROW/double/a_first/part2/Isabella_Herrick_GROW_010.jpg,https://changes-ifr.s3.us-east-2.amazonaws.com/ss1/GROW/double/a_first/part2/Isabella_Herrick_GROW_011.jpg,can't match; multiple TRS matches
59963369,52-1263,HOISTBASIN,MARQUETTE,https://changes-ifr.s3.us-east-2.amazonaws.com/ss2/GROW/a_first/Marquette_HoistBasin_GROW_012.jpg,https://changes-ifr.s3.us-east-2.amazonaws.com/ss2/GROW/a_first/Marquette_HoistBasin_GROW_013.jpg,Hoist dam is at the bottom of the Dead River Storage Basin so all one lake in the MDNR database
59963374,52-1263,HOISTBASIN,MARQUETTE,https://changes-ifr.s3.us-east-2.amazonaws.com/ss2/GROW/a_first/Marquette_HoistBasin_GROW_016.jpg,https://changes-ifr.s3.us-east-2.amazonaws.com/ss2/GROW/a_first/Marquette_HoistBasin_GROW_017.jpg,Hoist dam is at the bottom of the Dead River Storage Basin so all one lake in the MDNR database
82937321,NA,HONAWAN,ALCONA,https://changes-ifr.s3.us-east-2.amazonaws.com/ss6/GROW/cards/double/ALCONA_Howonan_GROW_0003_1.jpeg,https://changes-ifr.s3.us-east-2.amazonaws.com/ss6/GROW/cards/double/ALCONA_Howonan_GROW_0003_2.jpeg,no matching TRS
59962354,2-553,JOHNSWEST,ALGER,https://changes-ifr.s3.us-east-2.amazonaws.com/ss2/GROW/a_first/ALGER_JOHNSWEST_GROW_0002_1.jpeg,https://changes-ifr.s3.us-east-2.amazonaws.com/ss2/GROW/a_first/ALGER_JOHNSWEST_GROW_0002_2.jpeg,Known as No Name in Humphries table; 16 acres
59962356,2-553,JOHNSWEST,ALGER,https://changes-ifr.s3.us-east-2.amazonaws.com/ss2/GROW/a_first/ALGER_JOHNSWEST_GROW_0003_1.jpeg,https://changes-ifr.s3.us-east-2.amazonaws.com/ss2/GROW/a_first/ALGER_JOHNSWEST_GROW_0003_2.jpeg,Known as No Name in Humphries table; 16 acres
59962357,2-553,JOHNSWEST,ALGER,https://changes-ifr.s3.us-east-2.amazonaws.com/ss2/GROW/a_first/ALGER_JOHNSWEST_GROW_0001_1.jpeg,https://changes-ifr.s3.us-east-2.amazonaws.com/ss2/GROW/a_first/ALGER_JOHNSWEST_GROW_0001_2.jpeg,Known as No Name in Humphries table; 16 acres
58754308,20-61,KAREN,CRAWFORD,https://changes-ifr.s3.us-east-2.amazonaws.com/ss1/GROW/double/a_first/part1/Crawford_Karen_GROW_012.jpg,https://changes-ifr.s3.us-east-2.amazonaws.com/ss1/GROW/double/a_first/part1/Crawford_Karen_GROW_013.jpg,matched MDNRID L935
58754338,25-11,LOBDELL,GENESEE,https://changes-ifr.s3.us-east-2.amazonaws.com/ss6/GROW/cards/double/Genesee_Lobdell_25-11_1987_GROW_001_01.png,https://changes-ifr.s3.us-east-2.amazonaws.com/ss6/GROW/cards/double/Genesee_Lobdell_25-11_1987_GROW_001_02.png,
82937339,63-673,LOWERPETTIBONE,OAKLAND,https://changes-ifr.s3.us-east-2.amazonaws.com/ss6/GROW/cards/double/Oakland_LowerPettibone_63-673_1963_GROW_002_01.jpg,https://changes-ifr.s3.us-east-2.amazonaws.com/ss6/GROW/cards/double/Oakland_LowerPettibone_63-673_1963_GROW_002_02.jpg,
82937340,63-673,LOWERPETTIBONE,OAKLAND,https://changes-ifr.s3.us-east-2.amazonaws.com/ss6/GROW/cards/double/Oakland_LowerPettibone_63-673_1984_GROW_001_01.jpeg,https://changes-ifr.s3.us-east-2.amazonaws.com/ss6/GROW/cards/double/Oakland_LowerPettibone_63-673_1984_GROW_001_02.jpeg,
82937341,63-673,LOWERPETTIBONE,OAKLAND,https://changes-ifr.s3.us-east-2.amazonaws.com/ss6/GROW/cards/double/Oakland_LowerPettibone_63-673_1990_GROW_001_01.jpeg,https://changes-ifr.s3.us-east-2.amazonaws.com/ss6/GROW/cards/double/Oakland_LowerPettibone_63-673_1990_GROW_001_02.jpeg,
59962876,80-320,MAGICIAN,CASS,https://changes-ifr.s3.us-east-2.amazonaws.com/ss2/GROW/a_first/CASS_MAGICIAN_GROW_0001_1.jpeg,https://changes-ifr.s3.us-east-2.amazonaws.com/ss2/GROW/a_first/CASS_MAGICIAN_GROW_0001_2.jpeg,MDNRID L31208; part in VanBuren county
59962877,80-320,MAGICIAN,CASS,https://changes-ifr.s3.us-east-2.amazonaws.com/ss2/GROW/a_first/CASS_MAGICIAN_GROW_0004_1.jpeg,https://changes-ifr.s3.us-east-2.amazonaws.com/ss2/GROW/a_first/CASS_MAGICIAN_GROW_0004_2.jpeg,MDNRID L31208; part in VanBuren county
59962878,80-320,MAGICIAN,CASS,https://changes-ifr.s3.us-east-2.amazonaws.com/ss2/GROW/a_first/CASS_MAGICIAN_GROW_0003_1.jpeg,https://changes-ifr.s3.us-east-2.amazonaws.com/ss2/GROW/a_first/CASS_MAGICIAN_GROW_0003_2.jpeg,MDNRID L31208; part in VanBuren county
59962880,80-320,MAGICIAN,CASS,https://changes-ifr.s3.us-east-2.amazonaws.com/ss2/GROW/a_first/CASS_MAGICIAN_GROW_0002_1.jpeg,https://changes-ifr.s3.us-east-2.amazonaws.com/ss2/GROW/a_first/CASS_MAGICIAN_GROW_0002_2.jpeg,MDNRID L31208; part in VanBuren county
58642637,NA,MUNUSCONG,CHIPPEWA,https://changes-ifr.s3.us-east-2.amazonaws.com/ss1/GROW/single/Chippewa_Munuscong_GROW_004.jpg,NA,In the Bay of the St Marys River; not an inland lake site
58754095,NA,MUNUSCONG,CHIPPEWA,https://changes-ifr.s3.us-east-2.amazonaws.com/ss1/GROW/double/a_first/part1/Chippewa_Munuscong_GROW_009.jpg,https://changes-ifr.s3.us-east-2.amazonaws.com/ss1/GROW/double/a_first/part1/Chippewa_Munuscong_GROW_010.jpg,In the Bay of the St Marys River; not an inland lake site
58754096,NA,MUNUSCONG,CHIPPEWA,https://changes-ifr.s3.us-east-2.amazonaws.com/ss1/GROW/double/a_first/part1/Chippewa_Munuscong_GROW_007.jpg,https://changes-ifr.s3.us-east-2.amazonaws.com/ss1/GROW/double/a_first/part1/Chippewa_Munuscong_GROW_008.jpg,In the Bay of the St Marys River; not an inland lake site
58754097,NA,MUNUSCONG,CHIPPEWA,https://changes-ifr.s3.us-east-2.amazonaws.com/ss1/GROW/double/a_first/part1/Chippewa_Munuscong_GROW_011.jpg,https://changes-ifr.s3.us-east-2.amazonaws.com/ss1/GROW/double/a_first/part1/Chippewa_Munuscong_GROW_012.jpg,In the Bay of the St Marys River; not an inland lake site
58754099,NA,MUNUSCONG,CHIPPEWA,https://changes-ifr.s3.us-east-2.amazonaws.com/ss1/GROW/double/a_first/part1/Chippewa_Munuscong_GROW_005.jpg,https://changes-ifr.s3.us-east-2.amazonaws.com/ss1/GROW/double/a_first/part1/Chippewa_Munuscong_GROW_006.jpg,In the Bay of the St Marys River; not an inland lake site
59962680,8-652,NORTONS,BARRY,https://changes-ifr.s3.us-east-2.amazonaws.com/ss2/GROW/a_first/BARRY_NORTONS_GROW_0001_1.jpeg,https://changes-ifr.s3.us-east-2.amazonaws.com/ss2/GROW/a_first/BARRY_NORTONS_GROW_0001_2.jpeg,Matched with TRS
58746454,70-143,PETTY,OTTAWA,https://changes-ifr.s3.us-east-2.amazonaws.com/ss1/GROW/double/b_first/Ottawa_Petty_GROW_002.jpeg,https://changes-ifr.s3.us-east-2.amazonaws.com/ss1/GROW/double/b_first/Ottawa_Petty_GROW_001.jpeg,Pettys Bayou is a part of Spring Lake 
59963323,NA,POINTPATTERSON,MACKINAC,https://changes-ifr.s3.us-east-2.amazonaws.com/ss2/GROW/a_first/Mackinac_PointPatterson_GROW_001.jpg,https://changes-ifr.s3.us-east-2.amazonaws.com/ss2/GROW/a_first/Mackinac_PointPatterson_GROW_002.jpg,this is in lake michigan; not an inland lake 
58642693,34-34,PORTLANDIMPOUNDMENT,IONIA,https://changes-ifr.s3.us-east-2.amazonaws.com/ss1/GROW/single/Ionia_PortlandImpoundment_GROW_001.jpg,NA,also known as Portland Municipal Dam
59688178,63-1708,PRINCE,OAKLAND,https://changes-ifr.s3.us-east-2.amazonaws.com/ss2/GROW/single/OAKLAND_PRINCE_GROW_0002.jpeg,NA,MDNRID L2020
59964253,63-1708,PRINCE,OAKLAND,https://changes-ifr.s3.us-east-2.amazonaws.com/ss2/GROW/a_first/OAKLAND_PRINCE_GROW_0001_1.jpeg,https://changes-ifr.s3.us-east-2.amazonaws.com/ss2/GROW/a_first/OAKLAND_PRINCE_GROW_0001_2.jpeg,MDNRID L2020
58642692,NA,REDCEDAR,INGHAM,https://changes-ifr.s3.us-east-2.amazonaws.com/ss1/GROW/single/Ingham_RedCedar_GROW_002.jpg,NA,can't match; multiple TRS matches
58642842,NA,REDCEDAR,INGHAM,https://changes-ifr.s3.us-east-2.amazonaws.com/ss1/GROW/single/Red Cedar Lake_002.jpg,NA,can't match; multiple TRS matches
59963689,60-184,ROBARGE,MONTMORENCY,https://changes-ifr.s3.us-east-2.amazonaws.com/ss2/GROW/a_first/MONTMORENCY_ROBARGE_GROW_0001_1.jpeg,https://changes-ifr.s3.us-east-2.amazonaws.com/ss2/GROW/a_first/MONTMORENCY_ROBARGE_GROW_0001_2.jpeg,match by TRS 
61360528,41-615,SAND,MONTCALM,https://changes-ifr.s3.us-east-2.amazonaws.com/ss3/GROW/single/MONTCALM_SAND_GROW_0002.jpeg,NA,MDNRID L20356; also in Kent county
61362093,41-615,SAND,MONTCALM,https://changes-ifr.s3.us-east-2.amazonaws.com/ss3/GROW/double/MONTCALM_SAND_GROW_0001_1.jpeg,https://changes-ifr.s3.us-east-2.amazonaws.com/ss3/GROW/double/MONTCALM_SAND_GROW_0001_2.jpeg,MDNRID L20356; also in Kent county
58746338,73-78,SANDH,SAGINAW,https://changes-ifr.s3.us-east-2.amazonaws.com/ss1/GROW/double/b_first/Saginaw_SandH_GROW_010.jpeg,https://changes-ifr.s3.us-east-2.amazonaws.com/ss1/GROW/double/b_first/Saginaw_SandH_GROW_009.jpeg,also known as Haithco Lake
59688072,75-946,SECTIONSEVEN,LUCE,https://changes-ifr.s3.us-east-2.amazonaws.com/ss2/GROW/single/Luce_Section7_FISHs_001.jpg,NA,matched by TRS and NAME 
58746175,NA,SENEY,SCHOOLCRAFT,https://changes-ifr.s3.us-east-2.amazonaws.com/ss1/GROW/double/b_first/Schoolcraft_Seney_GROW_024.jpeg,https://changes-ifr.s3.us-east-2.amazonaws.com/ss1/GROW/double/b_first/Schoolcraft_Seney_GROW_023.jpeg,too many lakes in the Seney refuge
58746177,NA,SENEY,SCHOOLCRAFT,https://changes-ifr.s3.us-east-2.amazonaws.com/ss1/GROW/double/b_first/Schoolcraft_Seney_GROW_018.jpeg,https://changes-ifr.s3.us-east-2.amazonaws.com/ss1/GROW/double/b_first/Schoolcraft_Seney_GROW_017.jpeg,too many lakes in the Seney refuge
58746178,NA,SENEY,SCHOOLCRAFT,https://changes-ifr.s3.us-east-2.amazonaws.com/ss1/GROW/double/b_first/Schoolcraft_Seney_GROW_020.jpeg,https://changes-ifr.s3.us-east-2.amazonaws.com/ss1/GROW/double/b_first/Schoolcraft_Seney_GROW_019.jpeg,too many lakes in the Seney refuge
58746179,NA,SENEY,SCHOOLCRAFT,https://changes-ifr.s3.us-east-2.amazonaws.com/ss1/GROW/double/b_first/Schoolcraft_Seney_GROW_014.jpeg,https://changes-ifr.s3.us-east-2.amazonaws.com/ss1/GROW/double/b_first/Schoolcraft_Seney_GROW_013.jpeg,too many lakes in the Seney refuge
58746184,NA,SENEY,SCHOOLCRAFT,https://changes-ifr.s3.us-east-2.amazonaws.com/ss1/GROW/double/b_first/Schoolcraft_Seney_GROW_022.jpeg,https://changes-ifr.s3.us-east-2.amazonaws.com/ss1/GROW/double/b_first/Schoolcraft_Seney_GROW_021.jpeg,too many lakes in the Seney refuge
82937324,12-113,SILVER,BRANCH,https://changes-ifr.s3.us-east-2.amazonaws.com/ss6/GROW/cards/double/BRANCH_SILVER_GROW_0002_1.jpeg,https://changes-ifr.s3.us-east-2.amazonaws.com/ss6/GROW/cards/double/BRANCH_SILVER_GROW_0002_2.jpeg,matched by TRS and NAME 
82937325,12-113,SILVER,BRANCH,https://changes-ifr.s3.us-east-2.amazonaws.com/ss6/GROW/cards/double/BRANCH_SILVER_GROW_0003_1.jpeg,https://changes-ifr.s3.us-east-2.amazonaws.com/ss6/GROW/cards/double/BRANCH_SILVER_GROW_0003_2.jpeg,matched by TRS and NAME 
82937326,12-113,SILVER,BRANCH,https://changes-ifr.s3.us-east-2.amazonaws.com/ss6/GROW/cards/double/BRANCH_SILVER_GROW_0004_1.jpeg,https://changes-ifr.s3.us-east-2.amazonaws.com/ss6/GROW/cards/double/BRANCH_SILVER_GROW_0004_2.jpeg,matched by TRS and NAME 
59962949,45-49,LITTLETRAVERSE,LEELANAU,https://changes-ifr.s3.us-east-2.amazonaws.com/ss2/GROW/a_first/Leelanau_Solon_GROW_015.jpg,https://changes-ifr.s3.us-east-2.amazonaws.com/ss2/GROW/a_first/Leelanau_Solon_GROW_016.jpg,name was incorrect
59962950,45-64,LEELANAUNORTH,LEELANAU,https://changes-ifr.s3.us-east-2.amazonaws.com/ss2/GROW/a_first/Leelanau_Solon_GROW_009.jpg,https://changes-ifr.s3.us-east-2.amazonaws.com/ss2/GROW/a_first/Leelanau_Solon_GROW_010.jpg,name was incorrect
59962951,45-49,LITTLETRAVERSE,LEELANAU,https://changes-ifr.s3.us-east-2.amazonaws.com/ss2/GROW/a_first/Leelanau_Solon_GROW_031.jpg,https://changes-ifr.s3.us-east-2.amazonaws.com/ss2/GROW/a_first/Leelanau_Solon_GROW_032.jpg,name was incorrect
59962952,45-49,LITTLETRAVERSE,LEELANAU,https://changes-ifr.s3.us-east-2.amazonaws.com/ss2/GROW/a_first/Leelanau_Solon_GROW_017.jpg,https://changes-ifr.s3.us-east-2.amazonaws.com/ss2/GROW/a_first/Leelanau_Solon_GROW_018.jpg,name was incorrect
82937327,12-55,SOUTH,BRANCH,https://changes-ifr.s3.us-east-2.amazonaws.com/ss6/GROW/cards/double/BRANCH_SOUTH_GROW_0001_1.jpeg,https://changes-ifr.s3.us-east-2.amazonaws.com/ss6/GROW/cards/double/BRANCH_SOUTH_GROW_0001_2.jpeg,matched by TRS and NAME 
82937328,NA,SOUTH,BRANCH,https://changes-ifr.s3.us-east-2.amazonaws.com/ss6/GROW/cards/double/BRANCH_SOUTH_GROW_0002_1.jpeg,https://changes-ifr.s3.us-east-2.amazonaws.com/ss6/GROW/cards/double/BRANCH_SOUTH_GROW_0002_2.jpeg,includes two lakes 
58753924,NA,SPRINGBROOK,CHARLEVOIX,https://changes-ifr.s3.us-east-2.amazonaws.com/ss1/GROW/double/a_first/part1/Charlevoix_Springbrook_001_GROW_0001.jpg,https://changes-ifr.s3.us-east-2.amazonaws.com/ss1/GROW/double/a_first/part1/Charlevoix_Springbrook_001_GROW_0002.jpg,looks like this is a stream site
59962972,L16163,STANDISHMILLPOND,LENAWEE,https://changes-ifr.s3.us-east-2.amazonaws.com/ss2/GROW/a_first/Lenawee_StandishMillPond_GROW_004.jpg,https://changes-ifr.s3.us-east-2.amazonaws.com/ss2/GROW/a_first/Lenawee_StandishMillPond_GROW_005.jpg,MDNRID L16163
58642855,NA,STJOHNS,STCLAIR,https://changes-ifr.s3.us-east-2.amazonaws.com/ss1/GROW/single/StClair_StJohns_GROW_2.jpeg,NA,around Lake St Clair; not inland lake
59964506,66-122,TEMPLE,ONTONAGON,https://changes-ifr.s3.us-east-2.amazonaws.com/ss2/GROW/a_first/ONTONAGON_TANLUND_GROW_0001_1.jpg,https://changes-ifr.s3.us-east-2.amazonaws.com/ss2/GROW/a_first/ONTONAGON_TANLUND_GROW_0001_2.jpg,looks like it is a typo should be 46N; there is a temple lake L37566
58642818,L9882,TEAHAN,LIVINGSTON,https://changes-ifr.s3.us-east-2.amazonaws.com/ss1/GROW/single/Livingston_Teahan_GROW_004.jpg,NA,MDNRID L9882
59963026,L9882,TEAHAN,LIVINGSTON,https://changes-ifr.s3.us-east-2.amazonaws.com/ss2/GROW/a_first/Livingston_Teahan_GROW_013.jpg,https://changes-ifr.s3.us-east-2.amazonaws.com/ss2/GROW/a_first/Livingston_Teahan_GROW_014.jpg,
59963404,52-1246,TOURISTPARKBASIN,MARQUETTE,https://changes-ifr.s3.us-east-2.amazonaws.com/ss2/GROW/a_first/Marquette_TouristParkBasin_GROW_002.jpg,https://changes-ifr.s3.us-east-2.amazonaws.com/ss2/GROW/a_first/Marquette_TouristParkBasin_GROW_003.jpg,Humphries this is Marquette #3; there is a tourist park dam at the outlet
58642817,47-558,TROUT,LIVINGSTON,https://changes-ifr.s3.us-east-2.amazonaws.com/ss1/GROW/single/Livingston_Trout_GROW_007.jpg,NA,looks like it is a typo; should be section 01; in google maps; no name in NHD; Humphrise name is Island Lake L19568
59963027,47-558,TROUT,LIVINGSTON,https://changes-ifr.s3.us-east-2.amazonaws.com/ss2/GROW/a_first/Livingston_Trout_GROW_012.jpg,https://changes-ifr.s3.us-east-2.amazonaws.com/ss2/GROW/a_first/Livingston_Trout_GROW_013.jpg,Trout Lake in google maps; no name in NHD; Humphrise name is Island Lake L19568
58642766,41-764,VERSLUIS,KENT,https://changes-ifr.s3.us-east-2.amazonaws.com/ss1/GROW/single/Kent_Versluis_GROW_001.jpg,NA,MDNRID L21661; matched based on TRS and description of location
58642772,41-764,VERSLUIS,KENT,https://changes-ifr.s3.us-east-2.amazonaws.com/ss1/GROW/single/Kent_Versluis_GROW_002.jpg,NA,MDNRID L21661; matched based on TRS and description of location
58746452,L28159,WESTWALKER,OTTAWA,https://changes-ifr.s3.us-east-2.amazonaws.com/ss1/GROW/double/b_first/Ottawa_WestWalker_GROW_002.jpeg,https://changes-ifr.s3.us-east-2.amazonaws.com/ss1/GROW/double/b_first/Ottawa_WestWalker_GROW_001.jpeg,MDNRID L28159; lake has no name but is next to the West Walker Sportsmans club